[
    {
        "name": "Like Base - w/o timings",
        "cpu": "1180",
        "gpu1": "00",
        "gpu2": "00",
        "ramMHz": "2500000",
        "ramVDD2": "1200000",
        "ramVDDQ": "620000"
    },
    {
        "name": "Like ST8/8+ - w/o timings",
        "cpu": "1200",
        "gpu1": "01",
        "gpu2": "01",
        "ramMHz": "2634400",
        "ramVDD2": "1200000",
        "ramVDDQ": "620000"
    },
    {
        "name": "Like Ultra - w/o timings",
        "cpu": "1235",
        "gpu1": "01",
        "gpu2": "01",
        "ramMHz": "2711200",
        "ramVDD2": "1300000",
        "ramVDDQ": "650000"
    }
]