[
    {
        "name": "Set 1100mV",
        "dec": "1100"
    },
    {
        "name": "Set 1120mV",
        "dec": "1120"
    },
    {
        "name": "Set 1140mV",
        "dec": "1140"
    },
    {
        "name": "Set 1150mV",
        "dec": "1150"
    },
    {
        "name": "Set 1160mV - ECO",
        "dec": "1160"
    },
    {
        "name": "Set 1170mV",
        "dec": "1170"
    },
    {
        "name": "Set 1180mV - Base",
        "dec": "1180"
    },
    {
        "name": "Set 1190mV",
        "dec": "1190"
    },
    {
        "name": "Set 1200mV - ST8/8+",
        "dec": "1200"
    },
    {
        "name": "Set 1210mV",
        "dec": "1210"
    },
    {
        "name": "Set 1220mV",
        "dec": "1220"
    },
    {
        "name": "Set 1235mV - ST9+",
        "dec": "1235"
    },
    {
        "name": "Set 1250mV - Ultra",
        "dec": "1250"
    }
]


