[
    {
        "name": "Ancestors Legacy",
        "url": "https://github.com/Pugemon/Tea-NX/raw/main/MODS/Ancestors%20Legacy.zip",
        "path": "/atmosphere/contents/"
    },
    {
        "name": "Bloodstained RotN",
        "url": "https://github.com/Pugemon/Tea-NX/raw/main/MODS/Bloodstained%20RotN.zip",
        "path": "/atmosphere/contents/"
    },
    {
        "name": "DOOM Eternal",
        "url": "https://github.com/Pugemon/Tea-NX/raw/main/MODS/DOOM%20Eternal.zip",
        "path": "/atmosphere/contents/"
    },
    {
        "name": "DOOM 2016",
        "url": "https://github.com/Pugemon/Tea-NX/raw/main/MODS/DOOM.zip",
        "path": "/atmosphere/contents/"
    },
    {
        "name": "It Takes Two",
        "url": "https://github.com/Pugemon/Tea-NX/raw/main/MODS/It%20Takes%20Two.zip",
        "path": "/atmosphere/contents/"
    },
    {
        "name": "The Legend of Zelda: TotK - 1.1.2",
        "url": "https://github.com/Pugemon/Tea-NX/raw/main/MODS/Zelda%20TotK.zip",
        "path": "/atmosphere/"
    }
]
