[
    {
        "name": "Do Not Adjust (2400Mhz: 12-12-28) - 0",
        "hex": "00"
    },
    {
        "name": "18-18-42 (Default timing) - 1",
        "hex": "01"
    },
    {
        "name": "17-17-39 - Base 2",
        "hex": "02"
    },
    {
        "name": "16-16-36 - 3",
        "hex": "03"
    },
    {
        "name": "15-15-34 - ST9 4",
        "hex": "04"
    },
    {
        "name": "14-14-32 - ST9+ 5",
        "hex": "05"
    },
    {
        "name": "13-13-30 - 6",
        "hex": "06"
    }
]