[
    {
        "name": "Set 2461MHz",
        "hex": "2461600"
    },
    {
        "name": "Set 2480MHz",
        "hex": "2480800"
    },
    {
        "name": "Set 2500MHz - Base",
        "hex": "2500000"
    },
    {
        "name": "Set 2519MHz",
        "hex": "2519200"
    },
    {
        "name": "Set 2538MHz",
        "hex": "2538400"
    },
    {
        "name": "Set 2557MHz",
        "hex": "2557600"
    },
    {
        "name": "Set 2576MHz",
        "hex": "2576800"
    },
    {
        "name": "Set 2596MHz",
        "hex": "2596000"
    },
    {
        "name": "Set 2615MHz",
        "hex": "2615200"
    },
    {
        "name": "Set 2634MHz - ST8/8+",
        "hex": "2634400"
    },
    {
        "name": "Set 2653MHz",
        "hex": "2653600"
    },
    {
        "name": "Set 2672MHz",
        "hex": "2672800"
    },
    {
        "name": "Set 2692MHz",
        "hex": "2692000"
    },
    {
        "name": "Set 2711MHz - Ultra",
        "hex": "2711200"
    },
    {
        "name": "Set 2730MHz",
        "hex": "2730400"
    },
    {
        "name": "Set 2749MHz",
        "hex": "2749600"
    },
    {
        "name": "Set 2768MHz",
        "hex": "2768800"
    },
    {
        "name": "Set 2788MHz",
        "hex": "2788000"
    },
    {
        "name": "Set 2807MHz",
        "hex": "2807200"
    },
    {
        "name": "Set 2826MHz",
        "hex": "2826400"
    },
    {
        "name": "Set 2845MHz",
        "hex": "2845600"
    },
    {
        "name": "Set 2864MHz",
        "hex": "2864800"
    },
    {
        "name": "Set 2884MHz",
        "hex": "2884000"
    },
    {
        "name": "Set 2903MHz",
        "hex": "2903200"
    },
    {
        "name": "Set 2922MHz",
        "hex": "2922400"
    },
    {
        "name": "Set 2941MHz",
        "hex": "2941600"
    }
]